<?xml version="1.0" encoding="UTF-8"?>

<beans xmlns="http://www.springframework.org/schema/beans"
	xmlns:xsi="http://www.w3.org/2001/XMLSchema-instance"
	xmlns:util="http://www.springframework.org/schema/util"
	xmlns:p="http://www.springframework.org/schema/p"
	xsi:schemaLocation="
        http://www.springframework.org/schema/beans http://www.springframework.org/schema/beans/spring-beans.xsd
        http://www.springframework.org/schema/util http://www.springframework.org/schema/util/spring-util.xsd">

	<bean id="studentDAO"
		class="com.spark.SpringLifeCycleDB.StudentDAO" init-method="init"
		destroy-method="destroy">
		<property name="driver" value="com.mysql.cj.jdbc.Driver"></property>
		<property name="url"
			value="jdbc:mysql://127.0.0.1:3306/student_db"></property>
		<property name="username" value="root"></property>
		<property name="password" value="root"></property>

	</bean>

</beans>