<?xml version="1.0" encoding="UTF-8"?>

<beans xmlns="http://www.springframework.org/schema/beans"
	xmlns:xsi="http://www.w3.org/2001/XMLSchema-instance"
	xmlns:util="http://www.springframework.org/schema/util"
	xmlns:p="http://www.springframework.org/schema/p"
	xsi:schemaLocation="
        http://www.springframework.org/schema/beans http://www.springframework.org/schema/beans/spring-beans.xsd
        http://www.springframework.org/schema/util http://www.springframework.org/schema/util/spring-util.xsd">


	<bean id="studentBean"
		class="com.spark.StudentConstructor.Student">
		<property name="name" value="Megha"></property>
	</bean>


	<bean id="collegeBean"
		class="com.spark.StudentConstructor.College">
		<constructor-arg value="DU"></constructor-arg>

	</bean>



</beans>