<?xml version="1.0" encoding="UTF-8"?>

<beans xmlns="http://www.springframework.org/schema/beans"
	xmlns:xsi="http://www.w3.org/2001/XMLSchema-instance"
	xmlns:util="http://www.springframework.org/schema/util"
	xmlns:p="http://www.springframework.org/schema/p"
	xsi:schemaLocation="
        http://www.springframework.org/schema/beans http://www.springframework.org/schema/beans/spring-beans.xsd
        http://www.springframework.org/schema/util http://www.springframework.org/schema/util/spring-util.xsd">

	<bean id="company" class="com.spark.EmployeeSpring.Company"
		p:companyName="Tata">
		<property name="emp">
			<list>
				<bean id="emp1" class="com.spark.EmployeeSpring.Employee"
					p:employeeName="Megha" p:employeeId="101" />
				<bean id="emp2" class="com.spark.EmployeeSpring.Employee"
					p:employeeName="Nidhi" p:employeeId="102" />
			</list>
		</property>
	</bean>

</beans>