<?xml version="1.0" encoding="UTF-8"?>

<beans xmlns="http://www.springframework.org/schema/beans"
	xmlns:xsi="http://www.w3.org/2001/XMLSchema-instance"
	xmlns:util="http://www.springframework.org/schema/util"
	xmlns:p="http://www.springframework.org/schema/p"
	xsi:schemaLocation="
        http://www.springframework.org/schema/beans http://www.springframework.org/schema/beans/spring-beans.xsd
        http://www.springframework.org/schema/util http://www.springframework.org/schema/util/spring-util.xsd">

	<bean name="studentBean" class="com.spark.StudentCollectionSpring.Student">
		<property name="name" value="Megha"></property>
		<property name="phoneNo">

			<list>
				<value>7291939779</value>
				<value>7979811129</value>
				<value>8292891949</value>

			</list>

		</property>

		<property name="address">
			<set>
				<value>Mumbai</value>
				<value>Delhi</value>
				<value>Ranchi</value>
			</set>
		</property>

		<property name="course">
			<map>
				<entry key="101" value="Java"></entry>
				<entry key="102" value="Python"></entry>
				<entry key="103" value="JavaScript"></entry>

			</map>

		</property>


	</bean>


</beans>