<?xml version="1.0" encoding="UTF-8"?>


	<beans xmlns="http://www.springframework.org/schema/beans"
		xmlns:xsi="http://www.w3.org/2001/XMLSchema-instance"
		xmlns:util="http://www.springframework.org/schema/util"
		xsi:schemaLocation="
        http://www.springframework.org/schema/beans http://www.springframework.org/schema/beans/spring-beans.xsd
        http://www.springframework.org/schema/util http://www.springframework.org/schema/util/spring-util.xsd"> <!-- bean definitions here -->

	
	<bean id="catBean" class="com.spark.SparkSpring.Cat">
	</bean>
	<bean id="dogBean" class="com.spark.SparkSpring.Dog"></bean>
	
	
	
	
	
	<bean id="carBean" class="SpringVehicle.Car">
	<property name="color" value="red"></property>
	</bean>
	<bean id="busBean" class="SpringVehicle.Bus"></bean>
	</beans>
	